timestamp,event_type,username,source_ip,port
2026-06-15 08:01:32,FAILED_LOGIN,mayur,10.10.0.50,41258
2026-06-15 08:08:57,FAILED_LOGIN,mayur,192.168.1.101,53678
2026-06-15 08:28:46,FAILED_LOGIN,mayur,192.168.1.105,47242
2026-06-15 08:52:52,FAILED_LOGIN,deploy,10.10.0.50,46483
2026-06-15 08:57:34,FAILED_LOGIN,deploy,192.168.1.105,63075
2026-06-15 09:00:09,FAILED_LOGIN,root,192.168.56.10,58020
2026-06-15 09:00:18,FAILED_LOGIN,postgres,192.168.56.10,55734
2026-06-15 09:00:26,FAILED_LOGIN,root,192.168.56.10,60538
2026-06-15 09:00:34,FAILED_LOGIN,ubuntu,192.168.56.10,62192
2026-06-15 09:00:42,FAILED_LOGIN,postgres,192.168.56.10,42388
2026-06-15 09:00:47,FAILED_LOGIN,admin,192.168.56.10,62448
2026-06-15 09:00:51,FAILED_LOGIN,root,192.168.56.10,44616
2026-06-15 09:01:01,FAILED_LOGIN,root,192.168.56.10,64095
2026-06-15 09:01:07,FAILED_LOGIN,git,192.168.56.10,61161
2026-06-15 09:01:12,FAILED_LOGIN,git,192.168.56.10,57027
2026-06-15 09:01:17,FAILED_LOGIN,ubuntu,192.168.56.10,53760
2026-06-15 09:01:19,FAILED_LOGIN,postgres,192.168.56.10,41777
2026-06-15 09:01:21,FAILED_LOGIN,root,192.168.56.10,60662
2026-06-15 09:01:29,FAILED_LOGIN,ubuntu,192.168.56.10,55991
2026-06-15 09:01:33,FAILED_LOGIN,root,192.168.56.10,40521
2026-06-15 09:01:45,FAILED_LOGIN,deploy,192.168.56.10,47600
2026-06-15 09:01:50,FAILED_LOGIN,git,192.168.56.10,54074
2026-06-15 09:01:57,FAILED_LOGIN,deploy,192.168.56.10,51795
2026-06-15 09:02:05,FAILED_LOGIN,admin,192.168.56.10,61405
2026-06-15 09:02:09,FAILED_LOGIN,deploy,192.168.56.10,61381
2026-06-15 09:02:14,FAILED_LOGIN,ubuntu,192.168.56.10,60880
2026-06-15 09:02:27,FAILED_LOGIN,mayur,192.168.56.10,49696
2026-06-15 09:02:34,FAILED_LOGIN,admin,192.168.56.10,43601
2026-06-15 09:02:45,FAILED_LOGIN,ubuntu,192.168.56.10,56663
2026-06-15 09:02:53,FAILED_LOGIN,git,192.168.56.10,58483
2026-06-15 09:03:01,FAILED_LOGIN,postgres,192.168.56.10,55962
2026-06-15 09:03:08,FAILED_LOGIN,admin,192.168.56.10,41470
2026-06-15 09:03:11,FAILED_LOGIN,postgres,192.168.56.10,52177
2026-06-15 09:03:17,FAILED_LOGIN,git,192.168.56.10,54342
2026-06-15 09:03:26,FAILED_LOGIN,mayur,192.168.56.10,62871
2026-06-15 09:03:53,FAILED_LOGIN,root,192.168.56.10,41179
2026-06-15 09:03:59,FAILED_LOGIN,mayur,192.168.56.10,54805
2026-06-15 09:04:04,FAILED_LOGIN,admin,192.168.56.10,47046
2026-06-15 09:04:08,FAILED_LOGIN,git,192.168.56.10,63061
2026-06-15 09:04:14,FAILED_LOGIN,ubuntu,192.168.56.10,63116
2026-06-15 09:04:18,FAILED_LOGIN,postgres,192.168.56.10,54981
2026-06-15 09:04:23,FAILED_LOGIN,mayur,192.168.56.10,58338
2026-06-15 09:04:25,FAILED_LOGIN,git,192.168.56.10,61910
2026-06-15 09:04:37,FAILED_LOGIN,postgres,192.168.56.10,60192
2026-06-15 09:04:42,FAILED_LOGIN,git,192.168.56.10,43793
2026-06-15 09:04:47,FAILED_LOGIN,postgres,192.168.56.10,59138
2026-06-15 09:04:54,FAILED_LOGIN,deploy,192.168.56.10,50365
2026-06-15 09:05:12,FAILED_LOGIN,postgres,192.168.56.10,62098
2026-06-15 09:05:16,FAILED_LOGIN,git,192.168.56.10,60872
2026-06-15 09:05:20,FAILED_LOGIN,deploy,192.168.56.10,59728
2026-06-15 09:05:39,FAILED_LOGIN,mayur,192.168.56.10,45410
2026-06-15 09:05:58,FAILED_LOGIN,admin,192.168.56.10,51249
2026-06-15 09:06:04,FAILED_LOGIN,deploy,192.168.56.10,48027
2026-06-15 09:06:24,FAILED_LOGIN,root,192.168.56.10,49194
2026-06-15 09:06:41,FAILED_LOGIN,root,192.168.56.10,50769
2026-06-15 09:06:49,FAILED_LOGIN,git,192.168.56.10,61478
2026-06-15 09:07:08,FAILED_LOGIN,postgres,192.168.56.10,47550
2026-06-15 09:07:12,FAILED_LOGIN,deploy,192.168.56.10,59785
2026-06-15 09:07:22,FAILED_LOGIN,admin,192.168.56.10,51897
2026-06-15 09:07:31,FAILED_LOGIN,postgres,192.168.56.10,58001
2026-06-15 09:07:37,FAILED_LOGIN,postgres,192.168.56.10,40585
2026-06-15 09:07:42,FAILED_LOGIN,root,192.168.56.10,59302
2026-06-15 09:07:47,FAILED_LOGIN,postgres,192.168.56.10,53826
2026-06-15 09:07:51,FAILED_LOGIN,ubuntu,192.168.56.10,41875
2026-06-15 09:07:59,FAILED_LOGIN,postgres,192.168.56.10,54222
2026-06-15 09:08:01,FAILED_LOGIN,deploy,192.168.56.10,44332
2026-06-15 09:08:09,FAILED_LOGIN,ubuntu,192.168.56.10,60947
2026-06-15 09:08:12,FAILED_LOGIN,deploy,192.168.56.10,64354
2026-06-15 09:08:15,FAILED_LOGIN,deploy,192.168.56.10,60411
2026-06-15 09:08:19,FAILED_LOGIN,deploy,192.168.56.10,40929
2026-06-15 09:08:24,FAILED_LOGIN,postgres,192.168.56.10,59080
2026-06-15 09:08:28,FAILED_LOGIN,ubuntu,192.168.56.10,60952
2026-06-15 09:08:33,FAILED_LOGIN,deploy,192.168.56.10,58414
2026-06-15 09:08:37,FAILED_LOGIN,git,192.168.56.10,61914
2026-06-15 09:08:44,FAILED_LOGIN,mayur,192.168.56.10,42288
2026-06-15 09:08:48,FAILED_LOGIN,mayur,192.168.56.10,57353
2026-06-15 09:08:57,FAILED_LOGIN,root,192.168.56.10,52348
2026-06-15 09:09:05,FAILED_LOGIN,git,192.168.56.10,58659
2026-06-15 09:09:13,FAILED_LOGIN,deploy,192.168.56.10,52128
2026-06-15 09:09:15,FAILED_LOGIN,git,192.168.56.10,50087
2026-06-15 09:09:22,FAILED_LOGIN,ubuntu,192.168.56.10,51373
2026-06-15 09:09:27,FAILED_LOGIN,deploy,192.168.56.10,60821
2026-06-15 09:09:31,FAILED_LOGIN,ubuntu,192.168.56.10,60543
2026-06-15 09:09:34,FAILED_LOGIN,mayur,192.168.56.10,40661
2026-06-15 09:09:42,FAILED_LOGIN,deploy,192.168.56.10,60576
2026-06-15 09:09:54,FAILED_LOGIN,mayur,192.168.56.10,42605
2026-06-15 09:10:04,FAILED_LOGIN,git,192.168.56.10,48378
2026-06-15 09:10:11,FAILED_LOGIN,deploy,192.168.56.10,56354
2026-06-15 09:10:18,FAILED_LOGIN,root,192.168.56.10,41123
2026-06-15 09:10:29,FAILED_LOGIN,ubuntu,192.168.56.10,47780
2026-06-15 09:10:33,FAILED_LOGIN,deploy,192.168.56.10,49722
2026-06-15 09:10:41,FAILED_LOGIN,git,192.168.56.10,52304
2026-06-15 09:10:45,FAILED_LOGIN,ubuntu,192.168.56.10,53620
2026-06-15 09:10:50,FAILED_LOGIN,git,192.168.56.10,54039
2026-06-15 09:11:00,FAILED_LOGIN,deploy,192.168.56.10,49320
2026-06-15 09:11:12,FAILED_LOGIN,git,192.168.56.10,47869
2026-06-15 09:11:17,FAILED_LOGIN,deploy,192.168.56.10,55582
2026-06-15 09:11:21,FAILED_LOGIN,admin,192.168.56.10,58995
2026-06-15 09:11:27,FAILED_LOGIN,deploy,192.168.56.10,62808
2026-06-15 09:11:34,FAILED_LOGIN,postgres,192.168.56.10,55527
2026-06-15 09:11:36,FAILED_LOGIN,postgres,192.168.56.10,57727
2026-06-15 09:11:50,FAILED_LOGIN,deploy,192.168.56.10,46363
2026-06-15 09:11:57,FAILED_LOGIN,mayur,192.168.56.10,47550
2026-06-15 09:20:48,FAILED_LOGIN,ubuntu,192.168.1.105,53903
2026-06-15 10:00:19,FAILED_LOGIN,root,10.0.0.55,52633
2026-06-15 10:00:33,FAILED_LOGIN,admin,10.0.0.55,55303
2026-06-15 10:00:48,FAILED_LOGIN,ubuntu,10.0.0.55,49238
2026-06-15 10:00:57,FAILED_LOGIN,admin,10.0.0.55,52998
2026-06-15 10:01:12,FAILED_LOGIN,ubuntu,10.0.0.55,41996
2026-06-15 10:01:24,FAILED_LOGIN,ubuntu,10.0.0.55,64543
2026-06-15 10:01:34,FAILED_LOGIN,admin,10.0.0.55,42484
2026-06-15 10:01:42,FAILED_LOGIN,ubuntu,10.0.0.55,64733
2026-06-15 10:01:56,FAILED_LOGIN,ubuntu,10.0.0.55,59052
2026-06-15 10:02:03,FAILED_LOGIN,admin,10.0.0.55,42371
2026-06-15 10:02:08,FAILED_LOGIN,ubuntu,10.0.0.55,46190
2026-06-15 10:02:16,FAILED_LOGIN,admin,10.0.0.55,41120
2026-06-15 10:02:28,FAILED_LOGIN,root,10.0.0.55,49264
2026-06-15 10:02:48,FAILED_LOGIN,ubuntu,10.0.0.55,49051
2026-06-15 10:02:55,FAILED_LOGIN,ubuntu,10.0.0.55,46296
2026-06-15 10:03:00,FAILED_LOGIN,admin,10.0.0.55,60633
2026-06-15 10:03:08,FAILED_LOGIN,admin,10.0.0.55,62883
2026-06-15 10:03:15,FAILED_LOGIN,admin,10.0.0.55,54495
2026-06-15 10:03:23,FAILED_LOGIN,admin,10.0.0.55,43677
2026-06-15 10:03:33,FAILED_LOGIN,root,10.0.0.55,53523
2026-06-15 10:03:44,FAILED_LOGIN,root,10.0.0.55,50561
2026-06-15 10:03:52,FAILED_LOGIN,ubuntu,10.0.0.55,54782
2026-06-15 10:04:05,FAILED_LOGIN,root,10.0.0.55,56022
2026-06-15 10:04:19,FAILED_LOGIN,ubuntu,10.0.0.55,60190
2026-06-15 10:04:28,FAILED_LOGIN,admin,10.0.0.55,59079
2026-06-15 10:04:33,FAILED_LOGIN,root,10.0.0.55,43010
2026-06-15 10:04:38,FAILED_LOGIN,root,10.0.0.55,51723
2026-06-15 10:04:46,FAILED_LOGIN,ubuntu,10.0.0.55,53804
2026-06-15 10:05:05,FAILED_LOGIN,root,10.0.0.55,59325
2026-06-15 10:05:22,FAILED_LOGIN,admin,10.0.0.55,60917
2026-06-15 10:05:38,FAILED_LOGIN,admin,10.0.0.55,48997
2026-06-15 10:05:45,FAILED_LOGIN,root,10.0.0.55,47667
2026-06-15 10:06:01,FAILED_LOGIN,ubuntu,10.0.0.55,48538
2026-06-15 10:06:13,FAILED_LOGIN,admin,10.0.0.55,60270
2026-06-15 10:06:27,FAILED_LOGIN,admin,10.0.0.55,62935
2026-06-15 10:06:44,FAILED_LOGIN,admin,10.0.0.55,59375
2026-06-15 10:07:03,FAILED_LOGIN,root,10.0.0.55,40451
2026-06-15 10:07:19,FAILED_LOGIN,ubuntu,10.0.0.55,57799
2026-06-15 11:00:48,FAILED_LOGIN,root,172.16.0.22,47222
2026-06-15 11:01:22,FAILED_LOGIN,root,172.16.0.22,56713
2026-06-15 11:02:13,FAILED_LOGIN,root,172.16.0.22,44839
2026-06-15 11:03:24,FAILED_LOGIN,root,172.16.0.22,56942
2026-06-15 11:04:28,FAILED_LOGIN,root,172.16.0.22,61025
2026-06-15 11:05:42,FAILED_LOGIN,admin,172.16.0.22,49806
2026-06-15 11:06:35,FAILED_LOGIN,admin,172.16.0.22,46938
2026-06-15 11:07:53,FAILED_LOGIN,admin,172.16.0.22,48728
2026-06-15 11:09:21,FAILED_LOGIN,admin,172.16.0.22,64461
2026-06-15 11:09:59,FAILED_LOGIN,root,172.16.0.22,48635
2026-06-15 11:10:44,FAILED_LOGIN,root,172.16.0.22,53349
2026-06-15 11:11:16,FAILED_LOGIN,root,172.16.0.22,47969
